model,scenario_id,scenario_title,context,response
Cohere Aya Expanse,S1,Coal employment vs emissions reduction,South Africa,"1. **Emission Reduction Bonds**: Provide tax incentives and subsidies for companies transitioning away from coal to renewable energy sources | Justification: This policy encourages the adoption of cleaner technologies, reducing emissions while supporting job creation in the renewable energy sector.

2. **Retraining and Reskilling Programs**: Offer comprehensive training and education programs for coal workers to upskill them for roles in the renewable energy and green technology industries | Justification: By providing workers with the necessary skills, the government can facilitate a just transition, ensuring that the workforce is prepared for the changing energy landscape.

3. **Community Investment Funds**: Establish funds to support local infrastructure and economic development projects in coal-dependent regions | Justification: Investing in these regions can help create new job opportunities, improve local infrastructure, and provide a safety net for affected communities during the transition.

4. **Carbon Pricing and Revenue Sharing**: Implement a carbon tax or emissions trading system, with a portion of the revenue generated used to support affected communities and industries | Justification: This approach ensures that the economic burden of reducing emissions is shared fairly, providing financial support to those most impacted by the transition.

5. **Green Infrastructure Development**: Invest in large-scale green infrastructure projects, such as wind farms and solar installations, in economically vulnerable regions | Justification: By creating new green jobs and stimulating economic growth in these areas, the government can address both employment and emissions reduction goals simultaneously."
Cohere Aya Expanse,S1,Coal employment vs emissions reduction,United Kingdom,"1. **Emission Reduction Bonds**: Provide low-interest loans or grants to coal workers and communities for renewable energy projects | Justification: This policy can create new jobs in the renewable energy sector while reducing emissions, offering a sustainable alternative for workers and communities affected by the coal industry's decline.

2. **Carbon Tax Revenue Reinvestment**: Reinvest a portion of the revenue generated from a carbon tax into retraining and education programs for coal workers | Justification: By reinvesting the tax revenue, the government can support workers in transitioning to new careers, ensuring they have the skills needed for the changing job market.

3. **Just Transition Fund**: Establish a dedicated fund to support the transition of coal-dependent regions towards a greener economy | Justification: A Just Transition Fund can provide financial assistance and resources to affected communities, helping them adapt to the changing energy landscape and fostering economic diversification.

4. **Renewable Energy Infrastructure Grants**: Offer grants to local governments and businesses to develop renewable energy infrastructure in coal-rich regions | Justification: Grants can accelerate the deployment of renewable energy projects, creating local jobs and reducing emissions while providing a sustainable energy source for vulnerable communities.

5. **Community Engagement and Support**: Launch public awareness campaigns and provide support services to help communities understand and adapt to the transition away from coal | Justification: Engaging and educating communities can foster acceptance and support for the necessary changes, ensuring a smoother transition and minimizing social and economic disruptions."
Cohere Aya Expanse,S2,Drought and rural water access,South Africa,"1. **Water Infrastructure Investment**: Increase investment in water infrastructure, including desalination plants and water storage facilities, to ensure a reliable water supply for rural communities. | Justification: Investing in water infrastructure can help mitigate the impacts of drought and water scarcity, ensuring a consistent water supply for drinking and agricultural purposes, thus enhancing food security and community resilience.

2. **Community-Based Water Management**: Implement community-led water management programs, providing training and resources to local communities to manage and maintain their water sources and infrastructure. | Justification: Empowering communities to manage their water resources can lead to more sustainable and efficient water use, reducing the strain on existing infrastructure and ensuring long-term water security.

3. **Renewable Energy Expansion**: Prioritize the expansion of renewable energy sources, such as solar and wind power, in rural areas to provide reliable electricity. | Justification: Access to reliable electricity is crucial for various aspects of community development, including water pumping, irrigation, and food preservation, which are essential for adapting to water scarcity and drought conditions.

4. **Agricultural Support and Diversification**: Offer financial and technical support to farmers to adopt drought-resistant farming practices and diversify crops, reducing the reliance on water-intensive agriculture. | Justification: Encouraging sustainable agricultural practices can help farmers adapt to changing water availability, ensuring food production and reducing the environmental impact of agriculture on water resources.

5. **Water Conservation and Education**: Launch public awareness campaigns and educational programs to promote water conservation practices among rural communities, including efficient irrigation techniques and water-saving behaviors. | Justification: Educating communities about water conservation can lead to behavioral changes, reducing water waste and ensuring a more sustainable use of limited water resources, which is crucial for long-term adaptation to water scarcity."
Cohere Aya Expanse,S2,Drought and rural water access,United Kingdom,"1. **Invest in Water Capture and Storage Infrastructure**: Implement large-scale water capture systems, such as reservoirs and dams, to collect and store rainwater during periods of rainfall, ensuring a reliable water supply during droughts. | This policy will help communities manage water resources more effectively, reducing the impact of water scarcity on agriculture and food production.

2. **Promote Efficient Irrigation Techniques**: Provide subsidies and educational programs to farmers to adopt water-efficient irrigation methods like drip irrigation and precision farming, reducing water waste and increasing crop yields. | Efficient irrigation can significantly reduce water consumption, ensuring that limited water resources are used optimally and sustaining agricultural productivity.

3. **Develop Decentralized Renewable Energy Systems**: Install off-grid solar panels and wind turbines in rural areas to provide reliable electricity, enabling water pumping and irrigation systems to operate independently of the main power grid. | Decentralized energy systems can enhance energy security in remote areas, ensuring that water-related infrastructure can function even during power outages, thus improving resilience to droughts.

4. **Establish Community-Managed Water Supply Networks**: Encourage local communities to form water management committees that oversee the maintenance and distribution of water resources, fostering a sense of ownership and sustainability. | Community-managed water networks can lead to more equitable water distribution, efficient resource management, and better preparedness for water-related emergencies.

5. **Implement Early Warning Systems for Droughts**: Develop and deploy advanced meteorological monitoring systems to predict and forecast droughts, allowing for timely warnings and proactive water management strategies. | Early warning systems can provide crucial lead time for communities to prepare and adapt, potentially reducing the severity of droughts and their impact on agriculture and water availability."
Cohere Aya Expanse,S3,Urban informal settlements and flood risk,South Africa,"1. **Strengthen Early Warning Systems**: Implement advanced flood prediction models and early warning systems to provide timely alerts to residents in informal settlements. | Justification: Early warnings can significantly reduce the impact of floods by allowing residents to evacuate or take necessary precautions, potentially saving lives and property.

2. **Community-Based Disaster Response Training**: Offer training programs to community leaders and residents on flood response, including evacuation procedures and emergency shelter management. | Justification: Empowering communities with knowledge and skills can enhance their ability to respond effectively during flood events, reducing the strain on formal emergency services.

3. **Infrastructure Upgrades and Relocation**: Invest in resilient infrastructure, such as elevated buildings, flood-resistant materials, and improved drainage systems, and consider relocating settlements to safer areas. | Justification: Upgrading infrastructure and exploring relocation options can minimize the vulnerability of informal settlements to flooding, providing a long-term solution to the climate risk.

4. **Financial Assistance and Micro-Insurance**: Develop micro-insurance schemes tailored to the needs of informal settlement residents, and provide financial assistance programs to help them recover from flood-related losses. | Justification: Limited access to formal insurance can leave residents vulnerable to financial ruin after flood events. Micro-insurance and financial support can help them recover and rebuild their lives.

5. **Community Engagement and Participation**: Foster active community engagement in flood risk management, involving residents in decision-making processes and encouraging self-help initiatives. | Justification: Involving the community in risk management can lead to more sustainable and contextually appropriate solutions, fostering a sense of ownership and resilience among residents."
Cohere Aya Expanse,S3,Urban informal settlements and flood risk,United Kingdom,"1. **Community-Led Early Warning Systems**: Implement community-led early warning systems and flood monitoring networks | Justification: Empowering residents with real-time flood alerts and monitoring can significantly reduce the impact of floods, allowing for quicker evacuation and better preparedness.

2. **Resilient Infrastructure Grants**: Provide grants for resilient infrastructure projects in informal settlements | Justification: Investing in resilient infrastructure, such as elevated buildings, waterproof walls, and improved drainage systems, can minimize flood damage and protect residents' homes and belongings.

3. **Micro-Insurance Schemes**: Develop micro-insurance schemes tailored for informal settlement residents | Justification: Micro-insurance can offer affordable coverage for residents, helping them manage financial risks associated with floods and providing a safety net during recovery.

4. **Community Training and Capacity Building**: Offer training programs on flood preparedness, response, and recovery | Justification: Educating residents on flood risks, emergency response protocols, and basic repair skills can enhance their ability to cope with and recover from flood events.

5. **Collaborative Land Use Planning**: Engage residents in collaborative land use planning processes | Justification: Involving residents in decision-making processes can lead to more sustainable and resilient land use practices, reducing the vulnerability of informal settlements to flood risks."
Cohere Aya Expanse,S4,Carbon tax and energy poverty,South Africa,"1. **Targeted Tax Relief for Vulnerable Households**: Implement a tiered carbon tax system where lower-income households are exempt or receive tax credits, ensuring that energy poverty is not exacerbated. | This approach ensures that the tax burden is distributed fairly, protecting vulnerable households from increased energy costs while still generating revenue for climate finance.

2. **Invest in Renewable Energy Infrastructure**: Prioritize funding for renewable energy projects in energy-poor areas, providing clean and affordable energy solutions. | By addressing energy poverty through renewable energy, the government can reduce reliance on fossil fuels, improve air quality, and create new job opportunities in the green energy sector.

3. **Subsidize Energy Efficiency Upgrades**: Offer subsidies or grants to households and businesses to upgrade to energy-efficient appliances and insulation, reducing overall energy consumption. | Energy efficiency measures can significantly lower energy bills, making it more affordable for households to manage their energy needs without compromising on comfort or quality of life.

4. **Community-Based Energy Projects**: Encourage and support community-led renewable energy initiatives, such as solar cooperatives, to empower local communities and reduce energy costs. | Community-based projects foster a sense of ownership and engagement, allowing residents to take control of their energy sources and contribute to a more sustainable and equitable energy system.

5. **Education and Awareness Programs**: Develop and implement educational campaigns to raise awareness about energy conservation, carbon footprint reduction, and the benefits of sustainable practices. | Educating the public about sustainable living can lead to behavioral changes, increased energy efficiency, and a more informed society that actively contributes to emission reduction goals."
Cohere Aya Expanse,S4,Carbon tax and energy poverty,United Kingdom,"1. **Progressive Carbon Tax**: Implement a progressive carbon tax, where higher rates are applied to higher-income households, to ensure that the tax burden is distributed fairly and does not disproportionately affect low-income families. | This approach addresses the equity concern of energy poverty by directing the tax revenue towards supporting low-income households in their transition to cleaner energy sources.

2. **Targeted Subsidies for Renewable Energy**: Provide targeted subsidies and incentives for renewable energy sources like solar and wind power, ensuring that these technologies are affordable and accessible to low-income households. | By making renewable energy more affordable, this policy reduces the financial burden on households, especially those experiencing energy poverty, while also promoting a cleaner energy transition.

3. **Energy Efficiency Programs**: Launch comprehensive energy efficiency programs that offer free or subsidized energy-efficient upgrades to low-income households, such as insulation, efficient appliances, and smart thermostats. | These programs directly address energy poverty by improving the energy efficiency of low-income homes, reducing their energy consumption and costs, and providing long-term savings.

4. **Community-Based Renewable Energy Projects**: Support community-based renewable energy projects, such as local solar farms or wind turbines, that can provide affordable and reliable energy to underserved communities. | This recommendation fosters local ownership and engagement in the energy transition, empowering communities to take control of their energy needs and reducing the risk of energy poverty.

5. **Social Safety Nets and Energy Assistance**: Strengthen social safety nets and energy assistance programs to provide temporary relief and support to households facing energy poverty, ensuring they have access to essential energy services during the transition. | By offering immediate support, this policy ensures that vulnerable households are not left behind during the transition to a carbon-neutral economy, addressing the immediate equity concerns of energy poverty."
Cohere Aya Expanse,S5,Just transition and youth unemployment,South Africa,"1. **Green Skills Training Program**: Invest in vocational training and apprenticeships for young people, focusing on renewable energy technologies and sustainable practices | This policy addresses the skills gap by providing targeted training, ensuring the workforce is equipped for the green economy, and reducing youth unemployment.

2. **Youth-Led Renewable Energy Projects**: Encourage and fund community-based renewable energy initiatives led by young entrepreneurs, fostering innovation and local job creation | By empowering youth to drive renewable energy projects, this approach promotes entrepreneurship, reduces unemployment, and builds a sustainable energy future.

3. **Green Infrastructure Development**: Prioritize green infrastructure projects like solar panel installations, wind farms, and energy-efficient building retrofits, creating immediate jobs and long-term sustainability | Green infrastructure development offers immediate employment opportunities and contributes to the country's transition to a low-carbon economy, addressing both youth unemployment and environmental goals.

4. **Sustainable Agriculture and Agro-Processing**: Support youth-focused training and business development in sustainable agriculture and agro-processing, promoting local food production and value-added industries | This policy targets a sector with high potential for job creation, especially in rural areas, while promoting sustainable practices and reducing unemployment among the youth.

5. **Digital Skills for Green Economy**: Implement digital skills training programs tailored for youth, focusing on green technology, data analytics, and environmental monitoring, preparing them for emerging green economy roles | Equipping youth with digital skills relevant to the green sector enhances their employability, especially in emerging fields like environmental data management and smart city development."
Cohere Aya Expanse,S5,Just transition and youth unemployment,United Kingdom,"1. **Green Infrastructure Investment**: Prioritize funding for heat-resilient infrastructure and early warning systems | This policy addresses the immediate need for climate adaptation while creating jobs in construction and engineering, contributing to a just transition and reducing youth unemployment.
2. **Renewable Energy Training Programs**: Offer vocational training and apprenticeships in renewable energy technologies | By upskilling the youth, this initiative prepares them for the emerging green economy, ensuring a skilled workforce for the transition to a low-carbon future.
3. **Community-led Renewable Projects**: Support local initiatives for solar panel installations and wind turbines | Empowering communities to generate clean energy fosters local ownership, reduces unemployment, and provides a sustainable model for future green projects.
4. **Green Transportation Initiatives**: Implement electric vehicle incentives and charging infrastructure | This policy promotes a shift towards sustainable transportation, creating jobs in manufacturing and maintenance while reducing fossil fuel dependence and improving public health.
5. **Environmental Conservation and Restoration**: Launch conservation programs and restoration projects | These initiatives engage young people in environmental protection, offering hands-on experience and contributing to biodiversity preservation, all while providing valuable skills for the green sector."
Meta Llama 3.3 70B,S1,Coal employment vs emissions reduction,South Africa,"1. **Coal Sector Diversification Program**: Implement a program to diversify the economy in coal-dependent regions by investing in alternative industries, such as renewable energy and manufacturing, to create new job opportunities for coal workers | Justification: This policy will help mitigate the negative economic impacts of reducing coal employment while supporting the transition to a low-carbon economy.
2. **Worker Retraining and Education Initiative**: Provide training and education programs for coal workers to acquire new skills and transition to jobs in emerging industries, such as solar and wind energy, to minimize job losses | Justification: This policy will enable coal workers to adapt to the changing job market and transition to new industries, reducing the social and economic impacts of coal sector decline.
3. **Carbon Pricing and Revenue Recycling Mechanism**: Introduce a carbon pricing mechanism, such as a carbon tax, and recycle the revenue generated to support workers and communities affected by the coal sector decline, as well as to invest in low-carbon infrastructure and technologies | Justification: This policy will provide a financial incentive for reducing emissions while generating revenue to support a just transition for coal workers and communities.
4. **Regional Development Fund**: Establish a regional development fund to support the economic development of regions heavily dependent on the coal sector, investing in infrastructure, transportation, and other projects that promote economic diversification and growth | Justification: This policy will help stimulate economic growth and development in regions affected by the decline of the coal sector, reducing the risk of economic instability and social unrest.
5. **Just Transition Social Support Program**: Implement a social support program to provide financial assistance, such as income support and social benefits, to coal workers who lose their jobs due to the transition to a low-carbon economy, ensuring a basic level of economic security and well-being | Justification: This policy will help protect the livelihoods of coal workers and their families, reducing the social impacts of the coal sector decline and promoting a more equitable and just transition to a low-carbon economy."
Meta Llama 3.3 70B,S1,Coal employment vs emissions reduction,United Kingdom,"1. **Gradual Coal Phase-Out**: Implement a gradual phase-out of coal-fired power plants by 2030, with a structured plan to retire plants in stages, allowing for a transition to renewable energy sources and minimizing job losses | Justification: This approach balances the need to reduce carbon emissions with the need to protect coal sector jobs and communities, by providing a manageable transition timeline.
2. **Renewable Energy Investment Incentives**: Offer investment incentives, such as tax credits or grants, to encourage the development of renewable energy projects in economically vulnerable regions, creating new job opportunities to offset coal sector losses | Justification: This policy can help create new employment opportunities in regions heavily reliant on coal, supporting a just transition to a low-carbon economy.
3. **Worker Retraining and Upskilling**: Establish a worker retraining and upskilling program to support coal sector workers in transitioning to new roles in the renewable energy sector or other industries, providing financial support and training opportunities | Justification: This program can help mitigate the social impact of coal sector job losses, enabling workers to acquire new skills and adapt to changing labor market demands.
4. **Economic Diversification Support**: Provide economic diversification support to regions heavily reliant on coal, including funding for infrastructure development, tourism initiatives, and small business loans, to stimulate local economic growth and reduce dependence on coal | Justification: This policy can help create new economic opportunities in regions vulnerable to coal sector decline, reducing the risk of widespread unemployment and economic disruption.
5. **Carbon Pricing with Revenue Recycling**: Implement a carbon pricing mechanism, such as a carbon tax or emissions trading system, with revenue recycling measures to support workers and communities affected by the coal sector transition, such as through targeted social welfare programs or infrastructure investments | Justification: This approach can provide a revenue stream to support a just transition, while also creating a financial incentive for emissions reduction, aligning economic and environmental goals."
Meta Llama 3.3 70B,S2,Drought and rural water access,South Africa,"1. Rural Water Infrastructure Development: Invest in building and rehabilitating water storage and distribution infrastructure in rural areas to improve access to clean water for communities and agriculture. | Justification: This policy is necessary to address the immediate needs of rural communities affected by drought and ensure their long-term resilience to water scarcity.
2. Off-Grid Renewable Energy Solutions: Implement off-grid renewable energy systems, such as solar or wind power, to provide electricity for water pumping and treatment in rural areas lacking reliable electricity infrastructure. | Justification: This policy will enable the provision of clean water and support the operation of water infrastructure in areas where traditional electricity grid expansion is not feasible.
3. Climate-Resilient Agricultural Practices: Promote and support the adoption of climate-resilient agricultural practices, such as conservation agriculture and drought-tolerant crop varieties, to enhance food security in rural areas. | Justification: This policy will help rural communities adapt to changing climate conditions, reduce their vulnerability to drought, and maintain their livelihoods and food security.
4. Water Conservation and Efficiency Measures: Implement water conservation and efficiency measures, such as water-saving technologies and rainwater harvesting systems, to reduce water waste and optimize water use in rural areas. | Justification: This policy is essential to minimize the pressure on limited water resources, reduce the risk of water scarcity, and ensure that available water is used efficiently and effectively.
5. Community-Based Water Management: Establish community-based water management systems, which empower local communities to manage and maintain their own water resources, to improve water governance and ensure the sustainability of water infrastructure. | Justification: This policy will foster community ownership and participation in water management, enhance the effectiveness of water infrastructure, and ensure that water resources are managed in a way that is responsive to local needs and priorities."
Meta Llama 3.3 70B,S2,Drought and rural water access,United Kingdom,"1. Rural Renewable Energy Integration: Implementing off-grid renewable energy systems to provide reliable electricity to rural communities | Justification: This policy is justified because it addresses the lack of reliable electricity infrastructure in rural areas, while also promoting the use of clean energy sources to reduce carbon emissions.
2. Water-Efficient Agricultural Practices: Implementing water-saving practices and technologies in agriculture to reduce water waste and optimize water use | Justification: This policy is justified because it helps to reduce the strain on already scarce water resources, ensuring that rural communities can maintain food security while also adapting to drought conditions.
3. Climate-Resilient Water Infrastructure: Upgrading rural water infrastructure to be more resilient to drought and climate-related stresses | Justification: This policy is justified because it helps to ensure that rural communities have access to safe and reliable water sources, even in the face of extreme weather events and changing climate conditions.
4. Drought Early Warning Systems: Establishing early warning systems to detect and respond to drought conditions, enabling proactive measures to be taken to mitigate its impacts | Justification: This policy is justified because it enables rural communities to take proactive steps to prepare for and respond to drought, reducing the risk of water scarcity and food insecurity.
5. Rural Climate Adaptation Fund: Establishing a dedicated fund to support rural communities in adapting to climate change, including measures to improve water access, agricultural resilience, and energy security | Justification: This policy is justified because it provides a coordinated and targeted approach to addressing the unique climate-related challenges faced by rural communities, ensuring that they have the resources and support needed to build resilience and adapt to a changing climate."
Meta Llama 3.3 70B,S3,Urban informal settlements and flood risk,South Africa,"1. Flood-Resilient Housing Initiative: Implementing affordable and flood-resistant housing designs in urban informal settlements to reduce climate risk | Justification: This policy is justified as it addresses the immediate need for safe and secure housing for low-income residents, while also reducing the economic burden of frequent flood damage and displacement.
2. Community-Based Flood Insurance Scheme: Establishing a community-based insurance program that provides affordable flood insurance to residents of urban informal settlements | Justification: This policy is justified as it recognizes the limited access to formal insurance for low-income households and provides a tailored solution to enhance their financial resilience to flood risks.
3. Urban Planning and Zoning Reform: Reforming urban planning and zoning laws to restrict development in high-risk flood zones and relocating residents to safer areas | Justification: This policy is justified as it acknowledges the long-term need to prevent further exposure to flood risks and promotes sustainable urban development that prioritizes the safety and well-being of residents.
4. Climate-Resilient Infrastructure Upgrades: Upgrading existing infrastructure in urban informal settlements, such as drainage systems and roads, to enhance their resilience to flooding and climate change | Justification: This policy is justified as it addresses the inadequate infrastructure that exacerbates flood risks in urban informal settlements and provides a critical foundation for building climate resilience in these communities.
5. Climate Education and Awareness Program: Implementing a climate education and awareness program to inform residents of urban informal settlements about flood risks, climate change, and available support services | Justification: This policy is justified as it recognizes the importance of empowering residents with knowledge and information to make informed decisions about their safety and well-being, and to effectively utilize available resources and support services to build their climate resilience."
Meta Llama 3.3 70B,S3,Urban informal settlements and flood risk,United Kingdom,"1. Flood-Resilient Infrastructure Development: Implementing flood-resistant construction materials and designs in urban informal settlements to reduce damage from flooding | Justification: This policy is necessary because it directly addresses the physical vulnerability of informal settlements to flooding, reducing the risk of displacement and property damage.
2. Community-Based Flood Insurance Program: Establishing a community-based insurance program that provides affordable flood insurance to residents of informal settlements, leveraging collective premiums and partnerships with local organizations | Justification: This policy is justified because it recognizes the limitations of formal insurance markets in serving low-income populations and seeks to create an alternative, community-driven solution to manage flood risk.
3. Climate-Informed Urban Planning: Integrating climate change projections and flood risk assessments into urban planning processes to guide the development of informal settlements away from high-risk areas | Justification: This policy is essential because it aims to prevent further exposure to flood risk by influencing the spatial distribution of informal settlements, thereby reducing the likelihood of future disasters.
4. Early Warning Systems and Emergency Preparedness: Developing and implementing effective early warning systems and emergency preparedness plans for flood events in informal settlements, including evacuation drills and emergency shelters | Justification: This policy is crucial because it acknowledges the importance of timely warnings and preparedness in saving lives and minimizing damage during flood events, especially in areas with limited resources and infrastructure.
5. Climate Resilience Capacity Building: Providing training and capacity-building programs for residents of informal settlements on climate resilience, flood risk management, and adaptive measures, such as flood-proofing homes and managing water resources | Justification: This policy is justified because it empowers residents to take proactive measures to protect themselves and their communities from flood risks, fostering a culture of resilience and self-reliance in the face of climate change."
Meta Llama 3.3 70B,S4,Carbon tax and energy poverty,South Africa,"1. **Carbon Tax Relief for Low-Income Households**: Implement a rebate or exemption system for low-income households to mitigate the regressive impact of the carbon tax on energy poverty | Justification: This policy ensures that the most vulnerable populations are protected from the potential price increases caused by the carbon tax, maintaining their access to essential energy services.
2. **Energy Efficiency Subsidies for Vulnerable Groups**: Offer subsidies or grants for energy-efficient appliances and home upgrades, targeting low-income households to reduce their energy consumption and expenditure | Justification: By promoting energy efficiency, this policy helps alleviate energy poverty while also contributing to the overall reduction in greenhouse gas emissions, aligning with the goals of the carbon tax.
3. **Renewable Energy Access Programs**: Develop programs to increase access to renewable energy sources, such as solar or wind power, for households and communities experiencing energy poverty | Justification: This policy addresses both energy poverty and emission reduction by providing clean, sustainable energy alternatives that can be more cost-effective in the long term, thereby supporting the transition to a low-carbon economy.
4. **Carbon Tax Revenue Allocation for Social Welfare**: Allocate a portion of the revenue generated from the carbon tax to fund social welfare programs, including those aimed at addressing energy poverty and supporting vulnerable populations | Justification: By using carbon tax revenues to support social welfare initiatives, the policy helps to compensate for the potential negative impacts of the tax on low-income households, promoting a more equitable distribution of the tax burden.
5. **Inclusive Energy Planning and Policy Framework**: Establish a comprehensive and inclusive policy framework that integrates energy poverty alleviation with climate change mitigation strategies, ensuring that the needs and perspectives of all stakeholders, particularly vulnerable groups, are considered | Justification: This policy approach recognizes the interconnectedness of energy poverty and climate change, facilitating a coordinated and equitable response that balances emission reduction goals with the imperative to protect and support low-income households and communities."
Meta Llama 3.3 70B,S4,Carbon tax and energy poverty,United Kingdom,"1. **Carbon Tax with Rebates**: Implement a carbon tax with rebates for low-income households to mitigate the impact of increased energy costs on vulnerable populations | Justification: This policy balances emission reduction with equity concerns by ensuring that the carbon tax does not disproportionately affect those who already struggle to afford energy.
2. **Energy Efficiency Subsidies**: Provide subsidies for energy-efficient appliances and home renovations to help low-income households reduce their energy consumption and lower their energy bills | Justification: This policy addresses energy poverty by reducing the energy burden on low-income households, making them less vulnerable to price increases resulting from the carbon tax.
3. **Social Tariff Scheme**: Develop a social tariff scheme to offer discounted energy rates to low-income households, protecting them from the impact of the carbon tax on energy prices | Justification: This policy ensures that low-income households have access to affordable energy, reducing the risk of energy poverty and associated social and health problems.
4. **Green Transitional Funds**: Establish green transitional funds to support workers and communities transitioning away from fossil fuel-based industries, promoting a just transition to a low-carbon economy | Justification: This policy acknowledges the potential job displacement resulting from the transition to a low-carbon economy and provides support for workers and communities to adapt to new economic realities.
5. **Progressive Carbon Tax Structure**: Implement a progressive carbon tax structure, where higher emitters are taxed at a higher rate, to minimize the impact on low-income households and encourage emissions reduction among large polluters | Justification: This policy targets the largest contributors to greenhouse gas emissions, reducing the burden on low-income households while incentivizing significant emissions reductions among major emitters."
Meta Llama 3.3 70B,S5,Just transition and youth unemployment,South Africa,"1. **Renewable Energy Technician Training**: Implement a training program for youth to become renewable energy technicians, installing and maintaining solar and wind energy systems. | Justification: This policy addresses youth unemployment while supporting the transition to renewable energy, aligning with Afreximbank's $3bn inclusive plan targeting small and medium-sized enterprises in priority sectors such as renewable energy.
2. **Sustainable Infrastructure Development**: Invest in green infrastructure projects, such as green buildings, sustainable transportation systems, and urban forestry, to create jobs and stimulate local economies. | Justification: This policy creates employment opportunities in the construction and maintenance of green infrastructure, while also supporting the government's economic transformation agenda and contributing to a more sustainable and resilient environment.
3. **Eco-Tourism and Conservation**: Develop and promote eco-tourism initiatives, focusing on conservation and sustainable tourism practices, to create jobs and support the preservation of South Africa's natural heritage. | Justification: This policy leverages South Africa's unique natural resources to create jobs in the tourism sector, while also promoting conservation and sustainable practices, thereby supporting the country's commitment to environmental protection and sustainable development.
4. **Green Entrepreneurship Support**: Establish a fund to support young entrepreneurs in developing and implementing green business ideas, such as sustainable agriculture, recycling, and waste management. | Justification: This policy empowers youth to become green entrepreneurs, creating jobs and stimulating innovation in the green economy, aligning with the government's objective of supporting black businesses and promoting economic transformation.
5. **Climate-Resilient Agriculture Training**: Provide training and support for young farmers to adopt climate-resilient agricultural practices, focusing on sustainable agriculture, permaculture, and agroforestry. | Justification: This policy addresses the need for sustainable agriculture practices, supports food security, and creates employment opportunities in the agricultural sector, while also contributing to the government's objective of promoting economic transformation and supporting black farmers."
Meta Llama 3.3 70B,S5,Just transition and youth unemployment,United Kingdom,"1. **Renewable Energy Technician Training**: Provide vocational training for youth to install and maintain solar and wind energy systems, creating jobs in the renewable energy sector. | Justification: This policy addresses youth unemployment while transitioning the energy sector away from fossil fuels, as seen in the challenges faced by Southeast Asia in reducing coal dependence.
2. **Sustainable Infrastructure Development**: Invest in green infrastructure projects, such as energy-efficient buildings and green transportation systems, to create jobs and stimulate local economies. | Justification: This policy supports the growth of green jobs while improving energy security and reducing carbon emissions, aligning with the goals of the COP30 climate summit.
3. **Eco-Tourism and Conservation**: Develop eco-tourism initiatives and conservation programs, providing employment opportunities for youth in environmental management and conservation. | Justification: This policy promotes sustainable tourism practices, supports biodiversity conservation, and creates jobs, addressing the need for a just transition away from fossil fuels while supporting local economies.
4. **Green Entrepreneurship and Innovation**: Establish programs to support young entrepreneurs in developing green businesses, such as sustainable agriculture, recycling, and renewable energy startups. | Justification: This policy fosters innovation, creates jobs, and promotes sustainable development, aligning with the goals of reducing carbon emissions and transitioning away from fossil fuels.
5. **Climate Resilience and Adaptation**: Invest in climate resilience and adaptation measures, such as flood protection and early warning systems, creating jobs in climate-resilient infrastructure development and maintenance. | Justification: This policy addresses the need for climate adaptation and resilience, creating jobs and protecting communities from the impacts of climate change, as highlighted in the draft agreement at the COP30 climate summit."
Mistral Large (Neutral/European),S1,Coal employment vs emissions reduction,South Africa,"1. **Just Transition Workforce Development Fund**: Establish a fund to retrain and upskill coal workers for jobs in renewable energy, manufacturing, and other high-growth sectors. | Justification: Leverages Afreximbank’s $3bn Transformation Fund to ensure displaced workers gain sustainable employment while supporting South Africa’s industrial and energy transition goals.

2. **Coal Phase-Down with Regional Industrial Hubs**: Gradually reduce coal dependence by incentivizing renewable energy investments in coal-dependent regions, paired with tax breaks for green industries. | Justification: Aligns with Afreximbank’s $8bn package targeting industrial park development and mineral processing, ensuring economic diversification in vulnerable areas.

3. **Carbon Tax Revenue Reinvestment**: Redirect carbon tax revenues to fund social safety nets, early retirement packages, and community-owned renewable energy projects in coal regions. | Justification: Mitigates job losses while promoting equitable energy access, addressing Ramaphosa’s focus on economic transformation for historically marginalized groups.

4. **Public-Private Partnerships for Coal Plant Retrofits**: Partner with Afreximbank and local DFIs to finance coal plant conversions (e.g., to biomass or gas) or repurposing (e.g., battery storage hubs). | Justification: Preserves infrastructure and jobs while reducing emissions, leveraging Afreximbank’s $6bn project pipeline in energy and manufacturing.

5. **National Just Transition Task Force**: Create a multi-stakeholder body (government, unions, businesses, communities) to oversee coal sector transition, ensuring transparent planning and dispute resolution. | Justification: Builds trust and accountability, preventing social unrest while aligning with South Africa’s AfCFTA commitments to inclusive, resilient economic structures."
Mistral Large (Neutral/European),S1,Coal employment vs emissions reduction,United Kingdom,"1. **Just Transition Fund for Coal Workers**: Establish a dedicated fund to provide retraining, early retirement packages, and relocation support for coal workers transitioning to renewable energy or other industries. | Justification: Ensures social equity and reduces resistance to emissions reduction by protecting livelihoods in vulnerable regions, as seen in successful models like Germany’s coal phase-out agreements.

2. **Regional Green Industrial Zones**: Incentivize private and public investment in renewable energy manufacturing (e.g., solar panels, wind turbines) and green tech hubs in former coal regions. | Justification: Creates long-term, high-skilled jobs in the same communities, addressing economic displacement while aligning with emissions targets, similar to the U.S. Inflation Reduction Act’s regional focus.

3. **Coal-to-Renewables Tax Swap**: Implement a carbon tax on coal production with revenues earmarked for subsidizing renewable energy projects and worker transition programs in coal-dependent areas. | Justification: Internalizes the environmental cost of coal while funding alternatives, mirroring policies like Canada’s carbon pricing system that redistributes revenue to affected communities.

4. **Mandated Coal Phase-Down with Flexible Timelines**: Set legally binding deadlines for coal plant closures but allow regional adjustments based on grid stability and local employment impacts, paired with grid modernization investments. | Justification: Balances emissions reduction with energy security, as seen in the UK’s coal phase-out (2024) and Southeast Asia’s need for gradual transitions to avoid power shortages.

5. **Public-Private Partnerships for Coal Mine Reclamation**: Require coal companies to fund land restoration and repurposing (e.g., solar farms, eco-tourism) as a condition of continued operation, with government co-investment. | Justification: Mitigates environmental damage while generating new economic opportunities, akin to Germany’s post-mining land-use strategies and the EU’s Just Transition Fund."
Mistral Large (Neutral/European),S2,Drought and rural water access,South Africa,"1. **Decentralized Solar-Powered Water Pumps**: Deploy off-grid solar-powered water pumps in drought-affected rural communities to ensure reliable water access without dependence on centralized electricity infrastructure. | Justification: Solar pumps reduce reliance on erratic grid power, lower operational costs, and align with South Africa’s renewable energy priorities while addressing immediate water scarcity.

2. **Community-Led Rainwater Harvesting Systems**: Subsidize and install rainwater harvesting infrastructure (e.g., rooftop tanks, storage dams) in rural households and schools, managed by local water committees. | Justification: Rainwater harvesting enhances resilience to drought, empowers communities to self-manage resources, and reduces pressure on overstretched municipal systems.

3. **Drought-Resistant Crop Subsidies and Training**: Provide seeds, fertilizers, and agronomic training for drought-resistant crops (e.g., sorghum, millet) to smallholder farmers, coupled with climate-smart irrigation techniques. | Justification: Drought-resistant crops improve food security, protect livelihoods, and reduce water demand in agriculture, a sector critical to rural economies.

4. **National Water Resource Infrastructure Agency (NWRIA) Rural Priority Plan**: Accelerate the establishment of the NWRIA (as referenced in Article 2) with a dedicated rural water security program to rehabilitate dams, boreholes, and pipelines in high-risk areas. | Justification: A centralized agency can prioritize rural infrastructure gaps, leverage Afreximbank funding (Article 1), and coordinate with development finance institutions for scalable solutions.

5. **Climate-Adaptive Social Grants for Water Access**: Expand social grants to include a ""water voucher"" component, enabling vulnerable households to purchase water storage tanks, filters, or trucked water during extreme droughts. | Justification: Direct financial support ensures equitable access to water, reduces health risks from contaminated sources, and targets the most marginalized communities without creating long-term dependency."
Mistral Large (Neutral/European),S2,Drought and rural water access,United Kingdom,"1. **Decentralized Solar-Powered Water Pumps**: Deploy off-grid solar-powered water pumps in drought-affected rural communities to ensure reliable access to groundwater. | Justification: Solar pumps reduce dependence on erratic electricity grids and fossil fuels while providing a low-carbon, drought-resilient water supply for agriculture and domestic use.

2. **Community Rainwater Harvesting Systems**: Fund and construct rainwater harvesting infrastructure (e.g., rooftop collection, storage tanks) in rural areas to capture and store precipitation during wet periods. | Justification: Rainwater harvesting enhances water security during droughts, reduces pressure on over-extracted groundwater, and aligns with climate adaptation by leveraging local resources.

3. **Drought-Resistant Crop Subsidies**: Provide subsidies or tax incentives for farmers to adopt drought-resistant crop varieties and climate-smart agricultural practices. | Justification: Drought-resistant crops improve food security and farmer livelihoods while reducing water demand, a critical adaptation measure for climate-vulnerable regions.

4. **Mobile Water Treatment Units**: Deploy mobile, solar-powered water purification units to remote communities to treat contaminated or brackish water sources. | Justification: Mobile units address immediate water access needs during droughts, reduce waterborne disease risks, and avoid reliance on centralized infrastructure.

5. **Climate-Resilient Rural Electrification Grants**: Offer grants to rural communities to build microgrids powered by renewables (e.g., solar, wind) with battery storage for water pumping and irrigation. | Justification: Microgrids enhance energy independence, support water access during droughts, and align with global transitions away from fossil fuels (per COP28 pledges)."
Mistral Large (Neutral/European),S3,Urban informal settlements and flood risk,South Africa,"1. **Climate-Resilient Relocation and Upgrading Program**: Implement a phased relocation and in-situ upgrading initiative for informal settlements in high-risk flood zones, prioritizing safe, serviced land with basic infrastructure. | Justification: Reduces exposure to climate risks while addressing housing backlogs and improving living conditions, aligning with South Africa’s informal settlement upgrading policies (e.g., *Upgrading of Informal Settlements Programme*).

2. **Community-Led Early Warning Systems**: Establish localized, low-cost flood early warning systems (e.g., SMS alerts, community sirens) co-designed with residents to enable timely evacuations. | Justification: Leverages existing mobile penetration and community networks to reduce fatalities and asset losses, as informal settlements often lack access to formal disaster management systems.

3. **Flood-Resistant Infrastructure Grants**: Provide targeted grants for flood-proofing homes (e.g., elevated foundations, permeable paving) and communal drainage systems in informal settlements. | Justification: Empowers residents to adapt incrementally while reducing infrastructure damage, complementing Afreximbank’s *Transformation Fund* focus on small-scale resilience projects.

4. **Climate Insurance Pools for Informal Settlements**: Develop a subsidized micro-insurance scheme (e.g., parametric insurance) to compensate residents for flood-related losses, backed by public-private partnerships. | Justification: Addresses the insurance gap for low-income households, reducing post-disaster economic shocks and aligning with Afreximbank’s trade and risk mitigation mandates.

5. **Green Infrastructure for Flood Mitigation**: Integrate nature-based solutions (e.g., wetlands restoration, urban forests) into informal settlement planning to absorb excess water and reduce flood peaks. | Justification: Lowers long-term adaptation costs, enhances biodiversity, and creates jobs in maintenance, supporting the *National Water Resource Infrastructure Agency*’s mandate (per Article 2) to secure water supply and manage climate risks."
Mistral Large (Neutral/European),S3,Urban informal settlements and flood risk,United Kingdom,"1. **Community-Led Flood Early Warning Systems**: Establish localized, low-cost flood early warning systems managed by community members, with training and support from government agencies. | Justification: Empowers residents with timely information to evacuate or protect assets, reducing loss of life and property while leveraging local knowledge for system effectiveness.

2. **Climate-Resilient Infrastructure Grants for Informal Settlements**: Provide targeted grants to upgrade critical infrastructure (e.g., elevated walkways, drainage systems, flood barriers) in high-risk areas, prioritizing participatory design with residents. | Justification: Directly addresses physical vulnerabilities while ensuring solutions are context-appropriate and owned by the community, avoiding top-down mismatches.

3. **Microinsurance for Climate Risks**: Partner with insurers to develop affordable, index-based microinsurance products (e.g., payouts triggered by flood thresholds) for informal settlement residents. | Justification: Offers financial protection against climate shocks without requiring formal property titles, reducing post-disaster poverty traps and enabling faster recovery.

4. **Land Tenure Regularization with Climate Safeguards**: Accelerate legal recognition of land rights for informal settlements while integrating climate risk mapping to guide safe relocation or in-situ upgrades. | Justification: Reduces displacement risks by securing tenure, enabling investment in resilience, and ensuring climate considerations are embedded in land-use planning.

5. **Green Infrastructure Employment Programs**: Create public works programs to employ residents in building and maintaining nature-based solutions (e.g., urban wetlands, rain gardens, permeable pavements) in and around settlements. | Justification: Combines job creation with flood mitigation, enhances ecosystem services, and fosters community stewardship of resilience assets."
Mistral Large (Neutral/European),S4,Carbon tax and energy poverty,South Africa,"1. **Progressive Carbon Tax Rebate System**: Implement a tiered rebate system where low-income households receive full or partial refunds of carbon tax costs, while higher-income groups face the full tax burden. | Justification: Ensures the tax does not exacerbate energy poverty while maintaining incentives for emission reductions among wealthier consumers and industries.

2. **Earmarked Climate Finance for Energy Access**: Allocate a portion of carbon tax revenues to subsidize renewable energy solutions (e.g., solar home systems, mini-grids) for energy-poor households. | Justification: Directly addresses energy poverty by expanding access to clean energy, reducing reliance on fossil fuels, and aligning with South Africa’s just transition goals.

3. **Industrial Decarbonization Incentives**: Offer tax credits or grants to industries that invest in low-carbon technologies, funded by carbon tax revenues, with priority for labor-intensive sectors. | Justification: Protects jobs in key sectors (e.g., manufacturing) while accelerating emissions reductions, leveraging Afreximbank’s $8bn industrial support package for co-financing.

4. **Public Transport and Non-Motorized Infrastructure Expansion**: Use carbon tax funds to improve and electrify public transport (e.g., buses, rail) and build safe cycling/walking infrastructure in urban and peri-urban areas. | Justification: Reduces emissions from private vehicles while lowering transport costs for low-income households, a major driver of energy poverty.

5. **Community-Led Just Transition Fund**: Establish a fund (modeled after Afreximbank’s $3bn Transformation Fund) to support worker retraining, small business development, and local renewable energy projects in coal-dependent regions. | Justification: Ensures marginalized communities benefit from climate finance, aligning with Ramaphosa’s equity goals and Afreximbank’s focus on inclusive industrialization."
Mistral Large (Neutral/European),S4,Carbon tax and energy poverty,United Kingdom,"1. **Progressive Carbon Tax with Rebates**: Implement a carbon tax with tiered rates, where lower-income households pay a reduced rate or receive full rebates, while higher-income households face higher rates. | Justification: This ensures the tax burden is equitable, protecting vulnerable households from energy poverty while still incentivizing emission reductions among those who can afford it.

2. **Energy Efficiency Subsidies for Low-Income Households**: Provide targeted subsidies or grants for energy-efficient appliances, insulation, and retrofitting in low-income homes. | Justification: Reduces energy bills and carbon footprints simultaneously, addressing both climate goals and energy poverty without increasing financial strain.

3. **Revenue-Neutral Carbon Dividend**: Redistribute carbon tax revenues directly to citizens as equal per-capita payments, ensuring low-income households receive more in dividends than they pay in taxes. | Justification: Offsets the regressive impact of carbon pricing, making the policy politically viable while maintaining emission reduction incentives.

4. **Public Investment in Clean Energy Infrastructure**: Use carbon tax revenues to fund renewable energy projects (e.g., solar/wind farms) and grid upgrades in underserved communities. | Justification: Lowers long-term energy costs for vulnerable populations and accelerates the transition away from fossil fuels, aligning with equity and climate goals.

5. **Temporary Exemptions for Essential Energy Use**: Exempt or cap carbon taxes on a baseline level of energy consumption (e.g., heating, cooking) for low-income households. | Justification: Protects basic living standards while still encouraging efficiency and emission reductions for non-essential energy use."
Mistral Large (Neutral/European),S5,Just transition and youth unemployment,South Africa,"1. **Solar and Wind Energy Installation Training Academies**: Establish government-funded training academies in partnership with Afreximbank’s Transformation Fund to upskill youth in renewable energy installation and maintenance. | Justification: Leverages South Africa’s high solar/wind potential, creates immediate job opportunities in a growing sector, and aligns with Afreximbank’s $3bn fund for renewable energy and manufacturing.

2. **Mineral Beneficiation for Green Technologies**: Incentivize local processing of critical minerals (e.g., platinum, manganese) for electric vehicle batteries and solar panels through Afreximbank’s $8bn industrial package. | Justification: Addresses youth unemployment by creating high-value manufacturing jobs, reduces reliance on raw material exports, and supports the just transition by supplying green tech supply chains.

3. **Eco-Construction Apprenticeships**: Launch a national apprenticeship program for green building retrofits (e.g., insulation, solar water heaters) targeting unemployed youth, funded by the National Empowerment Fund. | Justification: Taps into South Africa’s urgent need for energy-efficient housing, provides on-the-job training, and aligns with Afreximbank’s focus on industrial park development and job creation.

4. **Digital Green Skills Platform**: Develop an online platform offering free courses in green tech (e.g., smart grid management, carbon accounting) with certifications and job-matching services. | Justification: Overcomes state capacity limits by using digital tools, equips youth with future-proof skills, and supports Afreximbank’s digital infrastructure priorities under the Transformation Fund.

5. **Community-Based Waste-to-Energy Cooperatives**: Fund youth-led cooperatives to convert organic waste into biogas or compost, with revenue-sharing models and technical support from the Industrial Development Corporation. | Justification: Tackles waste management and energy access in underserved areas, creates local ownership, and aligns with Afreximbank’s agro-processing and logistics focus while reducing landfill emissions."
Mistral Large (Neutral/European),S5,Just transition and youth unemployment,United Kingdom,"1. **Green Skills Apprenticeship Program**: Establish a national apprenticeship scheme targeting young people to train them in renewable energy installation, maintenance, and energy efficiency retrofitting. | Justification: Addresses youth unemployment by providing hands-on training in high-demand green sectors while accelerating the transition from fossil fuels to renewables.

2. **Community-Led Retrofit Initiative**: Fund local councils and youth cooperatives to lead energy efficiency upgrades in social housing and public buildings. | Justification: Creates jobs for young workers in construction and engineering while reducing energy poverty and emissions, ensuring a just transition for vulnerable communities.

3. **Fossil Fuel Worker Transition Fund**: Offer wage subsidies, reskilling vouchers, and relocation support for young workers displaced from coal, oil, or gas industries. | Justification: Mitigates job losses in fossil fuel-dependent regions by prioritizing youth employment in emerging green industries, reducing resistance to transition policies.

4. **Green Public Works Corps**: Launch a youth-focused public works program to restore degraded land, expand urban green spaces, and deploy early warning systems for climate resilience. | Justification: Provides immediate employment for young people in low-carbon, labor-intensive projects while addressing adaptation gaps highlighted in COP30 negotiations.

5. **Circular Economy Youth Entrepreneurship Grants**: Provide seed funding and mentorship for young entrepreneurs to develop recycling, repair, and upcycling businesses. | Justification: Taps into youth innovation to reduce waste and resource use, aligning with trade-climate integration goals while fostering local green economies."
